,sonics_train_mixed,sonics_val_real,sonics_val_real_enc,sonics_val_fake,sonics_val_fake_enc,fma_real,fma_real_encoded,fmc_fake_natural,fmc_fake_encoded
sonics_train_mixed,0.0,0.0043233007868402375,0.004823518325098407,0.007435538348563579,0.005353126301335147,0.016732698491826986,0.00992561898584924,0.01445663784370149,0.025089805145579076
sonics_val_real,0.0043233007868402375,0.0,0.004105420164216796,0.007608834508652273,0.012902801715648862,0.017192994882118704,0.009758567463977037,0.015487957118739836,0.018283935758429945
sonics_val_real_enc,0.004823518325098407,0.004105420164216796,0.0,0.009749669959247746,0.012359823917966906,0.024197784726424733,0.01378231675262446,0.019774766978539186,0.02043488413572371
sonics_val_fake,0.007435538348563579,0.007608834508652273,0.009749669959247746,0.0,0.005842934082827208,0.01968684045945468,0.01006379375973182,0.012424475530240302,0.022721181812952723
sonics_val_fake_enc,0.005353126301335147,0.012902801715648862,0.012359823917966906,0.005842934082827208,0.0,0.021861650107333347,0.013967194400740374,0.016003570733571552,0.03255332909268894
fma_real,0.016732698491826986,0.017192994882118704,0.024197784726424733,0.01968684045945468,0.021861650107333347,0.0,0.005367162280377339,0.021977289755629258,0.0371251520096338
fma_real_encoded,0.00992561898584924,0.009758567463977037,0.01378231675262446,0.01006379375973182,0.013967194400740374,0.005367162280377339,0.0,0.016198728529459715,0.025028617444600526
fmc_fake_natural,0.01445663784370149,0.015487957118739836,0.019774766978539186,0.012424475530240302,0.016003570733571552,0.021977289755629258,0.016198728529459715,0.0,0.031203271511141883
fmc_fake_encoded,0.025089805145579076,0.018283935758429945,0.02043488413572371,0.022721181812952723,0.03255332909268894,0.0371251520096338,0.025028617444600526,0.031203271511141883,0.0
